id,name,email,age,city
1,Person 1,person1@example.com,45,NYC
2,Person 2,person2@example.com,63,Houston
3,Person 3,person3@example.com,31,Houston
4,Person 4,person4@example.com,55,Houston
5,Person 5,person5@example.com,57,Houston
6,Person 6,person6@example.com,61,Chicago
7,Person 7,person7@example.com,65,Chicago
8,Person 8,person8@example.com,20,Houston
9,Person 9,person9@example.com,26,Houston
10,Person 10,person10@example.com,29,Chicago
11,Person 11,person11@example.com,43,Chicago
12,Person 12,person12@example.com,50,NYC
13,Person 13,person13@example.com,42,Houston
14,Person 14,person14@example.com,56,LA
15,Person 15,person15@example.com,27,Chicago
16,Person 16,person16@example.com,64,LA
17,Person 17,person17@example.com,64,Chicago
18,Person 18,person18@example.com,61,Houston
19,Person 19,person19@example.com,25,NYC
20,Person 20,person20@example.com,45,LA
21,Person 21,person21@example.com,48,Chicago
22,Person 22,person22@example.com,56,Chicago
23,Person 23,person23@example.com,32,NYC
24,Person 24,person24@example.com,59,NYC
25,Person 25,person25@example.com,56,Chicago
26,Person 26,person26@example.com,55,Houston
27,Person 27,person27@example.com,50,LA
28,Person 28,person28@example.com,23,Houston
29,Person 29,person29@example.com,44,Chicago
30,Person 30,person30@example.com,52,LA
31,Person 31,person31@example.com,52,Chicago
32,Person 32,person32@example.com,23,Chicago
33,Person 33,person33@example.com,60,LA
34,Person 34,person34@example.com,65,LA
35,Person 35,person35@example.com,40,LA
36,Person 36,person36@example.com,47,Houston
37,Person 37,person37@example.com,40,LA
38,Person 38,person38@example.com,20,Chicago
39,Person 39,person39@example.com,22,NYC
40,Person 40,person40@example.com,46,NYC
41,Person 41,person41@example.com,38,LA
42,Person 42,person42@example.com,24,Houston
43,Person 43,person43@example.com,36,LA
44,Person 44,person44@example.com,35,Houston
45,Person 45,person45@example.com,54,LA
46,Person 46,person46@example.com,39,Houston
47,Person 47,person47@example.com,49,NYC
48,Person 48,person48@example.com,29,Houston
49,Person 49,person49@example.com,43,LA
50,Person 50,person50@example.com,54,NYC
51,Person 51,person51@example.com,41,LA
52,Person 52,person52@example.com,41,Houston
53,Person 53,person53@example.com,32,NYC
54,Person 54,person54@example.com,44,Chicago
55,Person 55,person55@example.com,46,LA
56,Person 56,person56@example.com,56,Houston
57,Person 57,person57@example.com,57,Chicago
58,Person 58,person58@example.com,58,Chicago
59,Person 59,person59@example.com,20,LA
60,Person 60,person60@example.com,55,NYC
61,Person 61,person61@example.com,64,Chicago
62,Person 62,person62@example.com,48,LA
63,Person 63,person63@example.com,65,LA
64,Person 64,person64@example.com,65,Houston
65,Person 65,person65@example.com,32,Chicago
66,Person 66,person66@example.com,51,NYC
67,Person 67,person67@example.com,55,NYC
68,Person 68,person68@example.com,29,LA
69,Person 69,person69@example.com,43,NYC
70,Person 70,person70@example.com,46,NYC
71,Person 71,person71@example.com,29,Chicago
72,Person 72,person72@example.com,24,Houston
73,Person 73,person73@example.com,19,LA
74,Person 74,person74@example.com,59,LA
75,Person 75,person75@example.com,36,NYC
76,Person 76,person76@example.com,33,NYC
77,Person 77,person77@example.com,18,Chicago
78,Person 78,person78@example.com,44,Chicago
79,Person 79,person79@example.com,51,LA
80,Person 80,person80@example.com,34,Chicago
81,Person 81,person81@example.com,60,Houston
82,Person 82,person82@example.com,31,Houston
83,Person 83,person83@example.com,52,LA
84,Person 84,person84@example.com,48,NYC
85,Person 85,person85@example.com,55,Houston
86,Person 86,person86@example.com,27,NYC
87,Person 87,person87@example.com,40,Houston
88,Person 88,person88@example.com,21,NYC
89,Person 89,person89@example.com,49,Houston
90,Person 90,person90@example.com,22,NYC
91,Person 91,person91@example.com,25,Houston
92,Person 92,person92@example.com,62,Chicago
93,Person 93,person93@example.com,33,Chicago
94,Person 94,person94@example.com,38,Houston
95,Person 95,person95@example.com,24,NYC
96,Person 96,person96@example.com,41,Chicago
97,Person 97,person97@example.com,28,NYC
98,Person 98,person98@example.com,44,NYC
99,Person 99,person99@example.com,27,LA
100,Person 100,person100@example.com,53,Houston
